_time,heat_radiant,cool_radiant,cool_vmc,heat_active,cool_active
2024-03-29 00:00:00+00:00,0.0,0.0,0.0,0.0,0.0
2024-03-30 00:00:00+00:00,0.0,0.0,0.0,0.0,0.0
2024-03-31 00:00:00+00:00,0.0,0.0,0.0,0.0,0.0
2024-04-01 00:00:00+00:00,0.0,0.0,0.0,0.0,0.0
2024-04-02 00:00:00+00:00,0.0,0.0,0.0,0.0,0.0
2024-04-03 00:00:00+00:00,0.0,0.0,0.0,0.0,0.0
2024-04-04 00:00:00+00:00,0.0,0.0,0.0,0.0,0.0
2024-04-05 00:00:00+00:00,0.0,0.0,0.0,0.0,0.0
2024-04-06 00:00:00+00:00,0.0,0.0,0.0,0.0,0.0
2024-04-07 00:00:00+00:00,0.0,0.0,0.0,0.0,0.0
2024-04-08 00:00:00+00:00,0.0,0.0,0.0,0.0,0.0
2024-04-09 00:00:00+00:00,0.0,0.0,0.0,0.0,0.0
2024-04-10 00:00:00+00:00,0.0,0.0,0.0,0.0,0.0
2024-04-11 00:00:00+00:00,0.0,0.0,0.0,0.0,0.0
2024-04-12 00:00:00+00:00,0.0,0.0,0.0,0.0,0.0
2024-04-13 00:00:00+00:00,0.0,0.0,0.0,0.0,0.0
2024-04-14 00:00:00+00:00,0.0,0.0,0.0,0.0,0.0
2024-04-15 00:00:00+00:00,0.0,0.0,0.0,0.0,0.0
2024-04-16 00:00:00+00:00,0.0,0.0,0.0,0.0,0.0
2024-04-17 00:00:00+00:00,0.0,0.0,0.0,0.0,0.0
2024-04-18 00:00:00+00:00,0.0,0.0,0.0,0.0,0.0
2024-04-19 00:00:00+00:00,0.0,0.0,0.0,0.0,0.0
2024-04-20 00:00:00+00:00,0.0,0.0,0.0,0.0,0.0
2024-04-21 00:00:00+00:00,0.0,0.0,0.0,0.0,0.0
2024-04-22 00:00:00+00:00,0.0,0.0,0.0,0.0,0.0
2024-04-23 00:00:00+00:00,0.0,0.0,0.0,0.0,0.0
2024-04-24 00:00:00+00:00,0.0,0.0,0.0,0.0,0.0
2024-04-25 00:00:00+00:00,0.0,0.0,0.0,0.0,0.0
2024-04-26 00:00:00+00:00,0.0,0.0,0.0,0.0,0.0
2024-04-27 00:00:00+00:00,0.0,0.0,0.0,0.0,0.0
2024-04-28 00:00:00+00:00,0.0,0.0,0.0,0.0,0.0
2024-04-29 00:00:00+00:00,0.0,0.0,0.0,0.0,0.0
2024-04-30 00:00:00+00:00,0.0,0.0,0.0,0.0,0.0
2024-05-01 00:00:00+00:00,0.0,0.0,0.0,0.0,0.0
2024-05-02 00:00:00+00:00,0.0,0.0,0.0,0.0,0.0
2024-05-03 00:00:00+00:00,0.0,0.0,0.0,0.0,0.0
2024-05-04 00:00:00+00:00,0.0,0.0,0.0,0.0,0.0
2024-05-05 00:00:00+00:00,0.0,0.0,0.0,0.0,0.0
2024-05-06 00:00:00+00:00,0.0,0.0,0.0,0.0,0.0
2024-05-07 00:00:00+00:00,0.0,0.0,0.0,0.0,0.0
2024-05-08 00:00:00+00:00,0.0,0.0,0.0,0.0,0.0
2024-05-09 00:00:00+00:00,0.0,0.0,0.0,0.0,0.0
2024-05-10 00:00:00+00:00,0.0,0.0,0.0,0.0,0.0
2024-05-11 00:00:00+00:00,0.0,0.0,0.0,0.0,0.0
2024-05-12 00:00:00+00:00,0.0,0.15702479338842976,0.08264462809917356,0.0,0.2644628099173554
2024-05-13 00:00:00+00:00,0.0,0.0,0.0,0.0,0.0
2024-05-14 00:00:00+00:00,0.0,0.0,0.0,0.0,0.0
2024-05-15 00:00:00+00:00,0.0,0.0,0.0,0.0,0.0
2024-05-16 00:00:00+00:00,0.0,0.3045977011494253,0.005747126436781609,0.0,0.3218390804597701
2024-05-17 00:00:00+00:00,,,,,
2024-05-18 00:00:00+00:00,,,,,
2024-05-19 00:00:00+00:00,0.0,0.0,0.0,0.0,0.0
2024-05-20 00:00:00+00:00,,,,,
2024-05-21 00:00:00+00:00,,,,,
2024-05-22 00:00:00+00:00,,,,,
2024-05-23 00:00:00+00:00,,,,,
2024-05-24 00:00:00+00:00,0.0,0.0,0.0,0.0,0.0
2024-05-25 00:00:00+00:00,0.0,0.0,0.0,0.0,0.0
2024-05-26 00:00:00+00:00,0.0,0.0,0.0,0.0,0.0
2024-05-27 00:00:00+00:00,0.0,0.0,0.0,0.0,0.0
2024-05-28 00:00:00+00:00,,,,,
2024-05-29 00:00:00+00:00,0.0,0.0,0.0,0.0,0.0
2024-05-30 00:00:00+00:00,0.0,0.0,0.0,0.0,0.0
2024-05-31 00:00:00+00:00,0.0,0.0,0.0,0.0,0.0
2024-06-01 00:00:00+00:00,0.0,0.0,0.0,0.0,0.010416666666666666
2024-06-02 00:00:00+00:00,0.0,0.0,0.0,0.0,0.0
2024-06-03 00:00:00+00:00,0.0,0.0,0.0,0.0,0.0
2024-06-04 00:00:00+00:00,0.0,0.0,0.0,0.0,0.0
2024-06-05 00:00:00+00:00,0.0,0.0,0.0,0.0,0.0
2024-06-06 00:00:00+00:00,0.0,0.2097902097902098,0.04895104895104895,0.0,0.36363636363636365
2024-06-07 00:00:00+00:00,0.0,0.6855345911949685,0.1069182389937107,0.0,0.8113207547169812
2024-06-08 00:00:00+00:00,0.0,0.09652509652509653,0.07335907335907337,0.0,0.20463320463320464
2024-06-09 00:00:00+00:00,0.0,0.0,0.0,0.0,0.0
2024-06-10 00:00:00+00:00,0.0,0.021052631578947368,0.05263157894736842,0.0,0.10526315789473684
2024-06-11 00:00:00+00:00,0.0,0.0,0.0,0.0,0.0
2024-06-12 00:00:00+00:00,0.0,0.42452830188679247,0.36792452830188677,0.0,0.8113207547169812
2024-06-13 00:00:00+00:00,0.0,0.0,0.043478260869565216,0.0,0.10869565217391304
2024-06-14 00:00:00+00:00,0.0,0.6704545454545454,0.045454545454545456,0.0,0.8977272727272727
2024-06-15 00:00:00+00:00,,,,,
2024-06-16 00:00:00+00:00,0.0,0.0,0.0,0.0,0.0
2024-06-17 00:00:00+00:00,0.0,0.0,0.0,0.0,0.0
2024-06-18 00:00:00+00:00,0.0,0.8951048951048951,0.013986013986013986,0.0,0.9300699300699301
2024-06-19 00:00:00+00:00,0.0,0.8,0.0125,0.0,0.8625
2024-06-20 00:00:00+00:00,0.0,0.9147727272727273,0.0,0.0,0.9318181818181818
2024-06-21 00:00:00+00:00,0.0,0.8021978021978022,0.054945054945054944,0.0,0.9010989010989011
2024-06-22 00:00:00+00:00,0.0,0.8021978021978022,0.0,0.0,0.8571428571428571
2024-06-23 00:00:00+00:00,,,,,
2024-06-24 00:00:00+00:00,,,,,
2024-06-25 00:00:00+00:00,,,,,
2024-06-26 00:00:00+00:00,,,,,
2024-06-27 00:00:00+00:00,,,,,
2024-06-28 00:00:00+00:00,0.0,0.810126582278481,0.0189873417721519,0.0,0.8481012658227848
2024-06-29 00:00:00+00:00,0.0,0.4661016949152542,0.03389830508474576,0.0,0.5211864406779662
2024-06-30 00:00:00+00:00,0.0,0.5052631578947369,0.16842105263157894,0.0,0.7105263157894737
2024-07-01 00:00:00+00:00,0.0,0.31210191082802546,0.10828025477707007,0.0,0.45222929936305734
2024-07-02 00:00:00+00:00,0.0,0.4851063829787234,0.07234042553191489,0.0,0.574468085106383
2024-07-03 00:00:00+00:00,,,,,
2024-07-04 00:00:00+00:00,,,,,
2024-07-05 00:00:00+00:00,0.0,0.6320754716981132,0.08490566037735849,0.0,0.7452830188679245
2024-07-06 00:00:00+00:00,0.0,0.5462184873949579,0.025210084033613446,0.0,0.5882352941176471
2024-07-07 00:00:00+00:00,,,,,
2024-07-08 00:00:00+00:00,0.0,0.676829268292683,0.13414634146341464,0.0,0.8170731707317073
2024-07-09 00:00:00+00:00,0.0,0.3392226148409894,0.23674911660777384,0.0,0.5865724381625441
2024-07-10 00:00:00+00:00,0.0,0.2074074074074074,0.45925925925925926,0.0,0.6703703703703704
2024-07-11 00:00:00+00:00,0.0,0.381294964028777,0.18705035971223022,0.0,0.5755395683453237
2024-07-12 00:00:00+00:00,0.0,0.4584837545126354,0.24187725631768953,0.0,0.703971119133574
2024-07-13 00:00:00+00:00,0.0,0.5699300699300699,0.2097902097902098,0.0,0.7832167832167832
2024-07-14 00:00:00+00:00,0.0,0.6035087719298246,0.04912280701754386,0.0,0.6736842105263158
2024-07-15 00:00:00+00:00,0.0,0.5809859154929577,0.11971830985915492,0.0,0.7147887323943662
2024-07-16 00:00:00+00:00,0.0,0.3006993006993007,0.3881118881118881,0.0,0.6888111888111889
2024-07-17 00:00:00+00:00,0.0,0.7746478873239436,0.014084507042253521,0.0,0.7992957746478874
2024-07-18 00:00:00+00:00,0.0,0.6363636363636364,0.06293706293706294,0.0,0.7097902097902098
2024-07-19 00:00:00+00:00,0.0,0.708185053380783,0.0498220640569395,0.0,0.7686832740213523
2024-07-20 00:00:00+00:00,0.0,0.4646017699115044,0.0,0.0,0.4823008849557522
2024-07-21 00:00:00+00:00,0.0,0.6418439716312057,0.0851063829787234,0.0,0.7375886524822695
2024-07-22 00:00:00+00:00,0.0,0.5816993464052288,0.24183006535947713,0.0,0.8562091503267973
2024-07-23 00:00:00+00:00,0.0,0.3906810035842294,0.021505376344086023,0.0,0.43010752688172044
2024-07-24 00:00:00+00:00,0.0,0.8427672955974843,0.0,0.0,0.8742138364779874
2024-07-25 00:00:00+00:00,0.0,0.7922077922077922,0.01948051948051948,0.0,0.8506493506493507
2024-07-26 00:00:00+00:00,0.0,0.8909090909090909,0.0,0.0,0.9018181818181819
2024-07-27 00:00:00+00:00,0.0,0.7909407665505227,0.0627177700348432,0.0,0.8571428571428571
2024-07-28 00:00:00+00:00,0.0,0.7212543554006968,0.10104529616724739,0.0,0.8292682926829268
2024-07-29 00:00:00+00:00,0.0,0.96875,0.0,0.0,0.96875
2024-07-30 00:00:00+00:00,0.0,0.8680555555555556,0.017361111111111112,0.0,0.8888888888888888
2024-07-31 00:00:00+00:00,0.0,0.9548611111111112,0.0,0.0,0.9548611111111112
2024-08-01 00:00:00+00:00,0.0,0.8819444444444444,0.08333333333333333,0.0,0.9652777777777778
2024-08-02 00:00:00+00:00,0.0,0.7291666666666666,0.18055555555555555,0.0,0.9097222222222222
2024-08-03 00:00:00+00:00,0.0,0.8402777777777778,0.10416666666666667,0.0,0.9444444444444444
2024-08-04 00:00:00+00:00,0.0,0.7456445993031359,0.08013937282229965,0.0,0.8327526132404182
2024-08-05 00:00:00+00:00,0.0,0.7118055555555556,0.1909722222222222,0.0,0.9027777777777778
2024-08-06 00:00:00+00:00,0.0,0.8958333333333334,0.0763888888888889,0.0,0.9756944444444444
2024-08-07 00:00:00+00:00,0.0,0.7333333333333333,0.03859649122807018,0.0,0.7789473684210526
2024-08-08 00:00:00+00:00,0.0,0.9791666666666666,0.0,0.0,0.9791666666666666
2024-08-09 00:00:00+00:00,0.0,0.9409722222222222,0.0,0.0,0.9479166666666666
2024-08-10 00:00:00+00:00,0.0,0.9512195121951219,0.013937282229965157,0.0,0.975609756097561
2024-08-11 00:00:00+00:00,0.0,0.9930555555555556,0.0,0.0,0.9930555555555556
2024-08-12 00:00:00+00:00,0.0,0.9930555555555556,0.0,0.0,0.9930555555555556
2024-08-13 00:00:00+00:00,0.0,0.9791666666666666,0.0,0.0,0.9826388888888888
2024-08-14 00:00:00+00:00,0.0,0.9861111111111112,0.0,0.0,0.9861111111111112
2024-08-15 00:00:00+00:00,0.0,0.9826388888888888,0.0,0.0,0.9826388888888888
2024-08-16 00:00:00+00:00,0.0,0.9895833333333334,0.0,0.0,0.9895833333333334
2024-08-17 00:00:00+00:00,0.0,0.9895833333333334,0.0,0.0,0.9895833333333334
2024-08-18 00:00:00+00:00,0.0,0.8918918918918919,0.036036036036036036,0.0,0.9279279279279279
2024-08-19 00:00:00+00:00,0.0,0.40714285714285714,0.014285714285714285,0.0,0.45
2024-08-20 00:00:00+00:00,0.0,0.6619217081850534,0.0,0.0,0.6725978647686833
2024-08-21 00:00:00+00:00,0.0,0.8402777777777778,0.09722222222222222,0.0,0.9409722222222222
2024-08-22 00:00:00+00:00,0.0,0.7421602787456446,0.1602787456445993,0.0,0.9094076655052264
2024-08-23 00:00:00+00:00,0.0,0.6701388888888888,0.2326388888888889,0.0,0.9131944444444444
2024-08-24 00:00:00+00:00,0.0,0.8055555555555556,0.1111111111111111,0.0,0.9201388888888888
2024-08-25 00:00:00+00:00,0.0,0.7894736842105263,0.021052631578947368,0.0,0.8175438596491228
2024-08-26 00:00:00+00:00,0.0,0.9027777777777778,0.0,0.0,0.9027777777777778
2024-08-27 00:00:00+00:00,0.0,0.5886524822695035,0.028368794326241134,0.0,0.6312056737588653
2024-08-28 00:00:00+00:00,0.0,0.3210332103321033,0.01107011070110701,0.0,0.34686346863468637
2024-08-29 00:00:00+00:00,0.0,0.6821428571428572,0.0035714285714285713,0.0,0.6928571428571428
2024-08-30 00:00:00+00:00,0.0,0.7062937062937062,0.05944055944055944,0.0,0.7832167832167832
2024-08-31 00:00:00+00:00,0.0,0.8,0.014035087719298246,0.0,0.8210526315789474
2024-09-01 00:00:00+00:00,0.0,0.9722222222222222,0.0,0.0,0.9722222222222222
2024-09-02 00:00:00+00:00,0.0,0.09782608695652174,0.0,0.0,0.09782608695652174
2024-09-03 00:00:00+00:00,0.0,0.0,0.0,0.0,0.0
2024-09-04 00:00:00+00:00,0.0,0.0,0.0,0.0,0.0
2024-09-05 00:00:00+00:00,0.0,0.0,0.0,0.0,0.0
2024-09-06 00:00:00+00:00,0.0,0.0,0.0,0.0,0.0
2024-09-07 00:00:00+00:00,0.0,0.0,0.0,0.0,0.0
2024-09-08 00:00:00+00:00,0.0,0.48214285714285715,0.010714285714285714,0.0,0.5178571428571429
2024-09-09 00:00:00+00:00,0.0,0.0,0.0,0.0,0.0
2024-09-10 00:00:00+00:00,0.0,0.0,0.0,0.0,0.0
2024-09-11 00:00:00+00:00,0.0,0.0,0.0,0.0,0.0
2024-09-12 00:00:00+00:00,0.0,0.0,0.0,0.0,0.0
2024-09-13 00:00:00+00:00,0.0,0.0,0.0,0.0,0.0
2024-09-14 00:00:00+00:00,0.0,0.0,0.0,0.0,0.0
2024-09-15 00:00:00+00:00,0.0,0.0,0.0,0.0,0.0
2024-09-16 00:00:00+00:00,0.0,0.0,0.0,0.0,0.0
2024-09-17 00:00:00+00:00,0.0,0.0,0.0,0.0,0.0
2024-09-18 00:00:00+00:00,0.0,0.0,0.0,0.0,0.0
2024-09-19 00:00:00+00:00,0.0,0.0,0.0,0.0,0.0
2024-09-20 00:00:00+00:00,0.0,0.0,0.0,0.0,0.0
2024-09-21 00:00:00+00:00,0.0,0.0,0.0,0.0,0.0
2024-09-22 00:00:00+00:00,0.0,0.0,0.0,0.0,0.0
2024-09-23 00:00:00+00:00,0.0,0.0,0.0,0.0,0.0
2024-09-24 00:00:00+00:00,0.0,0.0,0.0,0.0,0.0
2024-09-25 00:00:00+00:00,0.0,0.0,0.0,0.0,0.0
2024-09-26 00:00:00+00:00,0.0,0.0,0.0,0.0,0.0
2024-09-27 00:00:00+00:00,0.0,0.0,0.0,0.0,0.0
2024-09-28 00:00:00+00:00,0.0,0.0,0.0,0.0,0.0
2024-09-29 00:00:00+00:00,0.0,0.0,0.0,0.0,0.0
2024-09-30 00:00:00+00:00,0.0,0.0,0.0,0.0,0.0
2024-10-01 00:00:00+00:00,0.0,0.0,0.0,0.0,0.0
2024-10-02 00:00:00+00:00,0.0,0.0,0.0,0.0,0.0
2024-10-03 00:00:00+00:00,0.0,0.0,0.0,0.0,0.0
2024-10-04 00:00:00+00:00,0.0,0.0,0.0,0.0,0.0
2024-10-05 00:00:00+00:00,0.0,0.0,0.0,0.0,0.0
2024-10-06 00:00:00+00:00,0.0,0.0,0.0,0.0,0.0
2024-10-07 00:00:00+00:00,0.0,0.0,0.0,0.0,0.0
2024-10-08 00:00:00+00:00,0.0,0.0,0.0,0.0,0.0
2024-10-09 00:00:00+00:00,0.0,0.0,0.0,0.0,0.0
2024-10-10 00:00:00+00:00,0.0,0.0,0.0,0.0,0.0
2024-10-11 00:00:00+00:00,0.0,0.0,0.0,0.0,0.0
2024-10-12 00:00:00+00:00,0.0,0.0,0.0,0.0,0.0
2024-10-13 00:00:00+00:00,0.0,0.0,0.0,0.0,0.0
2024-10-14 00:00:00+00:00,0.0,0.0,0.0,0.0,0.0
2024-10-15 00:00:00+00:00,0.0,0.0,0.0,0.0,0.0
2024-10-16 00:00:00+00:00,0.0,0.0,0.0,0.0,0.0
2024-10-17 00:00:00+00:00,0.0,0.0,0.0,0.0,0.0
2024-10-18 00:00:00+00:00,0.0,0.0,0.0,0.0,0.0
2024-10-19 00:00:00+00:00,0.0,0.0,0.0,0.0,0.0
2024-10-20 00:00:00+00:00,0.0,0.0,0.0,0.0,0.0
2024-10-21 00:00:00+00:00,0.0,0.0,0.0,0.0,0.0
2024-10-22 00:00:00+00:00,0.0,0.0,0.0,0.0,0.0
2024-10-23 00:00:00+00:00,0.0,0.0,0.0,0.0,0.0
2024-10-24 00:00:00+00:00,0.0,0.0,0.0,0.0,0.0
2024-10-25 00:00:00+00:00,0.0,0.0,0.0,0.0,0.0
2024-10-26 00:00:00+00:00,0.0,0.0,0.0,0.0,0.0
2024-10-27 00:00:00+00:00,0.0,0.0,0.0,0.0,0.0
2024-10-28 00:00:00+00:00,0.0,0.0,0.0,0.0,0.0
2024-10-29 00:00:00+00:00,0.0,0.0,0.0,0.0,0.0
2024-10-30 00:00:00+00:00,0.0,0.0,0.0,0.0,0.0
2024-10-31 00:00:00+00:00,0.0,0.0,0.0,0.0,0.0
2024-11-01 00:00:00+00:00,0.0,0.0,0.0,0.0,0.0
2024-11-02 00:00:00+00:00,0.0,0.0,0.0,0.0,0.0
2024-11-03 00:00:00+00:00,0.0,0.0,0.0,0.0,0.0
2024-11-04 00:00:00+00:00,0.0,0.0,0.0,0.0,0.0
2024-11-05 00:00:00+00:00,0.0,0.0,0.0,0.0,0.0
2024-11-06 00:00:00+00:00,0.0,0.0,0.0,0.0,0.0
2024-11-07 00:00:00+00:00,0.0,0.0,0.0,0.0,0.0
2024-11-08 00:00:00+00:00,0.0,0.0,0.0,0.0,0.0
2024-11-09 00:00:00+00:00,0.0,0.0,0.0,0.0,0.0
2024-11-10 00:00:00+00:00,0.0,0.0,0.0,0.0,0.0
2024-11-11 00:00:00+00:00,0.0,0.0,0.0,0.0,0.0
2024-11-12 00:00:00+00:00,,,,,
2024-11-13 00:00:00+00:00,0.0,0.0,0.0,0.0,0.0
2024-11-14 00:00:00+00:00,0.0,0.0,0.0,0.0,0.0
2024-11-15 00:00:00+00:00,0.3,0.03214285714285714,0.010714285714285714,0.30357142857142855,0.04285714285714286
2024-11-16 00:00:00+00:00,0.0,0.0,0.0,0.0,0.0
2024-11-17 00:00:00+00:00,0.0,0.0,0.0,0.0,0.0
2024-11-18 00:00:00+00:00,0.6578947368421053,0.0,0.0,0.6973684210526315,0.0
2024-11-19 00:00:00+00:00,0.0,0.0,0.0,0.0,0.0
2024-11-20 00:00:00+00:00,0.18181818181818182,0.0,0.0,0.19480519480519481,0.0
2024-11-21 00:00:00+00:00,0.28113879003558717,0.0,0.0,0.2918149466192171,0.0
2024-11-22 00:00:00+00:00,0.0,0.0,0.0,0.0,0.0
2024-11-23 00:00:00+00:00,0.1863799283154122,0.0,0.0,0.1863799283154122,0.0
2024-11-24 00:00:00+00:00,0.44876325088339225,0.0,0.0,0.47703180212014135,0.0
2024-11-25 00:00:00+00:00,0.3237410071942446,0.0,0.0,0.3237410071942446,0.0
2024-11-26 00:00:00+00:00,0.0,0.0,0.0,0.0,0.0
2024-11-27 00:00:00+00:00,0.0,0.0,0.0,0.0,0.0
2024-11-28 00:00:00+00:00,0.0,0.0,0.0,0.0,0.0
2024-11-29 00:00:00+00:00,0.0,0.0,0.0,0.0,0.0
2024-11-30 00:00:00+00:00,0.18996415770609318,0.0,0.0,0.2007168458781362,0.0
2024-12-01 00:00:00+00:00,0.22932330827067668,0.0,0.0,0.24812030075187969,0.0
2024-12-02 00:00:00+00:00,0.22627737226277372,0.0,0.0,0.23722627737226276,0.0
2024-12-03 00:00:00+00:00,0.3129496402877698,0.0,0.0,0.3345323741007194,0.0
2024-12-04 00:00:00+00:00,0.1836734693877551,0.0,0.0,0.1989795918367347,0.0
2024-12-05 00:00:00+00:00,0.5211267605633803,0.0,0.0,0.545774647887324,0.0
2024-12-06 00:00:00+00:00,0.1678832116788321,0.0,0.0,0.17883211678832117,0.0
2024-12-07 00:00:00+00:00,0.2642857142857143,0.0,0.0,0.275,0.0
2024-12-08 00:00:00+00:00,0.2,0.0,0.0,0.21071428571428572,0.0
2024-12-09 00:00:00+00:00,0.2446043165467626,0.0,0.0,0.25539568345323743,0.0
2024-12-10 00:00:00+00:00,0.33941605839416056,0.0,0.0,0.3467153284671533,0.0
2024-12-11 00:00:00+00:00,0.1956521739130435,0.0,0.0,0.2028985507246377,0.0
2024-12-12 00:00:00+00:00,0.15298507462686567,0.0,0.0,0.16417910447761194,0.0
2024-12-13 00:00:00+00:00,0.2888086642599278,0.0,0.0,0.2996389891696751,0.0
2024-12-14 00:00:00+00:00,0.23809523809523808,0.0,0.0,0.2454212454212454,0.0
2024-12-15 00:00:00+00:00,0.0,0.0,0.0,0.0,0.0
2024-12-16 00:00:00+00:00,0.26071428571428573,0.0,0.0,0.26785714285714285,0.0
2024-12-17 00:00:00+00:00,0.10830324909747292,0.0,0.0,0.11552346570397112,0.0
2024-12-18 00:00:00+00:00,0.10948905109489052,0.0,0.0,0.11678832116788321,0.0
2024-12-19 00:00:00+00:00,0.3821428571428571,0.0,0.0,0.3892857142857143,0.0
2024-12-20 00:00:00+00:00,0.19494584837545126,0.0,0.0,0.22743682310469315,0.0
2024-12-21 00:00:00+00:00,0.28776978417266186,0.0,0.0,0.29856115107913667,0.0
2024-12-22 00:00:00+00:00,0.27155172413793105,0.0,0.0,0.36637931034482757,0.0
2024-12-23 00:00:00+00:00,0.4471830985915493,0.0,0.0,0.4894366197183099,0.0
2024-12-24 00:00:00+00:00,0.5737051792828686,0.0,0.0,0.5936254980079682,0.0
2024-12-25 00:00:00+00:00,0.058823529411764705,0.0,0.0,0.058823529411764705,0.0
2024-12-26 00:00:00+00:00,0.8226600985221675,0.0,0.0,0.8423645320197044,0.0
2024-12-27 00:00:00+00:00,0.1684981684981685,0.0,0.0,0.1794871794871795,0.0
2024-12-28 00:00:00+00:00,0.2037037037037037,0.0,0.0,0.21481481481481482,0.0
2024-12-29 00:00:00+00:00,0.16606498194945848,0.0,0.0,0.18050541516245489,0.0
2024-12-30 00:00:00+00:00,0.25769230769230766,0.0,0.0,0.2692307692307692,0.0
2024-12-31 00:00:00+00:00,0.0,0.0,0.0,0.0,0.0
2025-01-01 00:00:00+00:00,0.8895027624309392,0.0,0.0,0.9060773480662984,0.0
2025-01-02 00:00:00+00:00,0.0,0.0,0.0,0.0,0.0
2025-01-03 00:00:00+00:00,0.2526690391459075,0.0,0.0,0.26334519572953735,0.0
2025-01-04 00:00:00+00:00,0.0,0.0,0.0,0.0,0.0
2025-01-05 00:00:00+00:00,0.5070921985815603,0.0,0.0,0.5425531914893617,0.0
2025-01-06 00:00:00+00:00,0.5212765957446809,0.0,0.0,0.5283687943262412,0.0
2025-01-07 00:00:00+00:00,0.0,0.0,0.0,0.0,0.0
2025-01-08 00:00:00+00:00,0.0,0.0,0.0,0.010948905109489052,0.0
2025-01-09 00:00:00+00:00,0.5,0.0,0.0,0.5111111111111111,0.0
2025-01-10 00:00:00+00:00,0.0,0.0,0.0,0.0,0.0
2025-01-11 00:00:00+00:00,0.0,0.0,0.0,0.0,0.0
2025-01-12 00:00:00+00:00,0.5921985815602837,0.0,0.0,0.6134751773049646,0.0
2025-01-13 00:00:00+00:00,0.558303886925795,0.0,0.0,0.5724381625441696,0.0
2025-01-14 00:00:00+00:00,0.3238434163701068,0.0,0.0,0.33807829181494664,0.0
2025-01-15 00:00:00+00:00,0.5993031358885017,0.0,0.0,0.6167247386759582,0.0
2025-01-16 00:00:00+00:00,0.5451263537906137,0.0,0.0,0.5595667870036101,0.0
2025-01-17 00:00:00+00:00,0.41697416974169743,0.0,0.0,0.4317343173431734,0.0
2025-01-18 00:00:00+00:00,0.37722419928825623,0.0,0.0,0.398576512455516,0.0
2025-01-19 00:00:00+00:00,0.5177304964539007,0.0,0.0,0.5319148936170213,0.0
2025-01-20 00:00:00+00:00,0.35315985130111527,0.0,0.0,0.3643122676579926,0.0
2025-01-21 00:00:00+00:00,0.4785714285714286,0.0,0.0,0.4928571428571429,0.0
2025-01-22 00:00:00+00:00,0.6007194244604317,0.0,0.0,0.6115107913669064,0.0
2025-01-23 00:00:00+00:00,0.3759124087591241,0.0,0.0,0.38321167883211676,0.0
2025-01-24 00:00:00+00:00,0.12878787878787878,0.0,0.0,0.14015151515151514,0.0
2025-01-25 00:00:00+00:00,0.0,0.0,0.0,0.0,0.0
2025-01-26 00:00:00+00:00,0.24187725631768953,0.0,0.0,0.2563176895306859,0.0
2025-01-27 00:00:00+00:00,0.41935483870967744,0.0,0.0,0.43010752688172044,0.0
2025-01-28 00:00:00+00:00,0.0,0.0,0.0,0.0,0.0
2025-01-29 00:00:00+00:00,0.46545454545454545,0.0,0.0,0.4763636363636364,0.0
2025-01-30 00:00:00+00:00,0.0,0.0,0.0,0.0,0.0
2025-01-31 00:00:00+00:00,0.5390070921985816,0.0,0.0,0.5531914893617021,0.0
2025-02-01 00:00:00+00:00,0.11567164179104478,0.0,0.0,0.12686567164179105,0.0
2025-02-02 00:00:00+00:00,0.23357664233576642,0.0,0.0,0.24452554744525548,0.0
2025-02-03 00:00:00+00:00,0.17266187050359713,0.0,0.0,0.18705035971223022,0.0
2025-02-04 00:00:00+00:00,0.29537366548042704,0.0,0.0,0.3096085409252669,0.0
2025-02-05 00:00:00+00:00,0.2697841726618705,0.0,0.0,0.2841726618705036,0.0
2025-02-06 00:00:00+00:00,0.0,0.0,0.0,0.0,0.0
2025-02-07 00:00:00+00:00,0.43214285714285716,0.0,0.0,0.44642857142857145,0.0
2025-02-08 00:00:00+00:00,0.10294117647058823,0.0,0.0,0.12867647058823528,0.0
2025-02-09 00:00:00+00:00,0.11721611721611722,0.0,0.0,0.13186813186813187,0.0
2025-02-10 00:00:00+00:00,0.0,0.0,0.0,0.0,0.0
2025-02-11 00:00:00+00:00,0.2888086642599278,0.0,0.0,0.30324909747292417,0.0
2025-02-12 00:00:00+00:00,0.072992700729927,0.0,0.0,0.08759124087591241,0.0
2025-02-13 00:00:00+00:00,0.4107142857142857,0.0,0.0,0.44285714285714284,0.0
2025-02-14 00:00:00+00:00,0.3262411347517731,0.0,0.0,0.3404255319148936,0.0
2025-02-15 00:00:00+00:00,0.375,0.0,0.0,0.39285714285714285,0.0
2025-02-16 00:00:00+00:00,0.0,0.0,0.0,0.0,0.0
2025-02-17 00:00:00+00:00,0.4,0.0,0.0,0.41454545454545455,0.0
2025-02-18 00:00:00+00:00,0.0,0.0,0.0,0.0,0.0
2025-02-19 00:00:00+00:00,0.0,0.0,0.0,0.0,0.0
2025-02-20 00:00:00+00:00,0.1760299625468165,0.0,0.0,0.19101123595505617,0.0
2025-02-21 00:00:00+00:00,0.31086142322097376,0.0,0.0,0.3258426966292135,0.0
2025-02-22 00:00:00+00:00,0.0,0.0,0.0,0.0,0.0
2025-02-23 00:00:00+00:00,0.21660649819494585,0.0,0.0,0.23104693140794225,0.0
2025-02-24 00:00:00+00:00,0.0,0.0,0.0,0.0,0.0
2025-02-25 00:00:00+00:00,0.08273381294964029,0.0,0.0,0.18345323741007194,0.0
2025-02-26 00:00:00+00:00,0.0673758865248227,0.0,0.0,0.13829787234042554,0.0
2025-02-27 00:00:00+00:00,0.17985611510791366,0.0,0.0,0.1906474820143885,0.0
2025-02-28 00:00:00+00:00,0.0,0.0,0.0,0.0,0.0
2025-03-01 00:00:00+00:00,0.44802867383512546,0.0,0.0,0.4731182795698925,0.0
2025-03-02 00:00:00+00:00,0.0,0.0,0.0,0.0,0.0
2025-03-03 00:00:00+00:00,0.0,0.0,0.0,0.0,0.0
2025-03-04 00:00:00+00:00,0.0,0.0,0.0,0.0,0.0
2025-03-05 00:00:00+00:00,0.0,0.0,0.0,0.0,0.0
2025-03-06 00:00:00+00:00,0.0,0.0,0.0,0.0,0.0
2025-03-07 00:00:00+00:00,0.0,0.0,0.0,0.0,0.0
2025-03-08 00:00:00+00:00,0.0,0.0,0.0,0.0,0.0
2025-03-09 00:00:00+00:00,0.23297491039426524,0.0,0.0,0.24731182795698925,0.0
2025-03-10 00:00:00+00:00,0.0,0.0,0.0,0.0,0.0
2025-03-11 00:00:00+00:00,0.0,0.0,0.0,0.0,0.0
2025-03-12 00:00:00+00:00,0.0,0.0,0.0,0.0,0.0
2025-03-13 00:00:00+00:00,0.0,0.0,0.0,0.0,0.0
2025-03-14 00:00:00+00:00,0.3381294964028777,0.0,0.0,0.3489208633093525,0.0
2025-03-15 00:00:00+00:00,0.0,0.0,0.0,0.0,0.0
2025-03-16 00:00:00+00:00,0.0,0.0,0.0,0.0,0.0
2025-03-17 00:00:00+00:00,0.0,0.0,0.0,0.0,0.0
2025-03-18 00:00:00+00:00,0.029197080291970802,0.0,0.0,0.04744525547445255,0.0
2025-03-19 00:00:00+00:00,0.27598566308243727,0.0,0.0,0.2903225806451613,0.0
2025-03-20 00:00:00+00:00,0.0,0.0,0.0,0.0,0.0
2025-03-21 00:00:00+00:00,0.03676470588235294,0.0,0.0,0.0661764705882353,0.0
2025-03-22 00:00:00+00:00,0.3188405797101449,0.0,0.0,0.3442028985507246,0.0
2025-03-23 00:00:00+00:00,0.0,0.0,0.0,0.0,0.0
2025-03-24 00:00:00+00:00,0.0,0.0,0.0,0.0,0.0
2025-03-25 00:00:00+00:00,0.0,0.0,0.0,0.0,0.0
2025-03-26 00:00:00+00:00,0.0,0.0,0.0,0.0,0.0
2025-03-27 00:00:00+00:00,0.0,0.0,0.0,0.0,0.0
2025-03-28 00:00:00+00:00,0.0,0.0,0.0,0.0,0.0
2025-03-29 00:00:00+00:00,0.0,0.0,0.0,0.0,0.0
2025-03-30 00:00:00+00:00,0.0,0.0,0.0,0.0,0.0
2025-03-31 00:00:00+00:00,0.0,0.0,0.0,0.0,0.0
2025-04-01 00:00:00+00:00,0.20863309352517986,0.0,0.0,0.23381294964028776,0.0
2025-04-02 00:00:00+00:00,0.0,0.0,0.0,0.0,0.0
2025-04-03 00:00:00+00:00,0.0,0.0,0.0,0.0,0.0
2025-04-04 00:00:00+00:00,0.0,0.0,0.0,0.0,0.0
2025-04-05 00:00:00+00:00,0.0,0.0,0.0,0.0,0.0
2025-04-06 00:00:00+00:00,0.0,0.0,0.0,0.0,0.0
2025-04-07 00:00:00+00:00,0.0,0.0,0.0,0.0,0.0
2025-04-08 00:00:00+00:00,,,,,
2025-04-09 00:00:00+00:00,,,,,
2025-04-10 00:00:00+00:00,,,,,
2025-04-11 00:00:00+00:00,,,,,
2025-04-12 00:00:00+00:00,0.0,0.0,0.0,0.0,0.0
2025-04-13 00:00:00+00:00,0.0,0.0,0.0,0.0,0.0
2025-04-14 00:00:00+00:00,,,,,
2025-04-15 00:00:00+00:00,,,,,
2025-04-16 00:00:00+00:00,0.0,0.0,0.0,0.0,0.0
2025-04-17 00:00:00+00:00,0.0,0.0,0.0,0.0,0.0
2025-04-18 00:00:00+00:00,,,,,
2025-04-19 00:00:00+00:00,0.0,0.0,0.0,0.0,0.0
2025-04-20 00:00:00+00:00,0.0,0.0,0.0,0.0,0.0
2025-04-21 00:00:00+00:00,0.0,0.0,0.0,0.0,0.0
2025-04-22 00:00:00+00:00,0.0,0.0,0.0,0.0,0.0
2025-04-23 00:00:00+00:00,0.0,0.0,0.0,0.0,0.0
2025-04-24 00:00:00+00:00,0.0,0.0,0.0,0.0,0.0
2025-04-25 00:00:00+00:00,0.0,0.0,0.0,0.0,0.0
2025-04-26 00:00:00+00:00,0.0,0.0,0.0,0.0,0.0
2025-04-27 00:00:00+00:00,0.0,0.0,0.0,0.02564102564102564,0.0
2025-04-28 00:00:00+00:00,,,,,
2025-04-29 00:00:00+00:00,,,,,
2025-04-30 00:00:00+00:00,0.0,0.0,0.0,0.0,0.0
2025-05-01 00:00:00+00:00,0.0,0.0,0.0,0.0,0.0
2025-05-02 00:00:00+00:00,0.0,0.0,0.0,0.0,0.0
2025-05-03 00:00:00+00:00,,,,,
2025-05-04 00:00:00+00:00,0.0,0.0,0.0,0.0,0.0
2025-05-05 00:00:00+00:00,0.0,0.0,0.0,0.0,0.0
2025-05-06 00:00:00+00:00,,,,,
2025-05-07 00:00:00+00:00,,,,,
2025-05-08 00:00:00+00:00,,,,,
2025-05-09 00:00:00+00:00,0.0,0.0,0.0,0.0,0.0
2025-05-10 00:00:00+00:00,0.0,0.0,0.0,0.0,0.0
2025-05-11 00:00:00+00:00,,,,,
2025-05-12 00:00:00+00:00,0.0,0.0,0.0,0.0,0.0
2025-05-13 00:00:00+00:00,0.0,0.0,0.0,0.0,0.0
2025-05-14 00:00:00+00:00,0.0,0.0,0.0,0.0,0.0
2025-05-15 00:00:00+00:00,,,,,
2025-05-16 00:00:00+00:00,,,,,
2025-05-17 00:00:00+00:00,0.0,0.0,0.0,0.0,0.0
2025-05-18 00:00:00+00:00,,,,,
2025-05-19 00:00:00+00:00,0.0,0.0,0.0,0.0,0.0
2025-05-20 00:00:00+00:00,,,,,
2025-05-21 00:00:00+00:00,0.0,0.0,0.0,0.0,0.0
2025-05-22 00:00:00+00:00,,,,,
2025-05-23 00:00:00+00:00,,,,,
2025-05-24 00:00:00+00:00,,,,,
2025-05-25 00:00:00+00:00,0.0,0.0,0.0,0.0,0.0
2025-05-26 00:00:00+00:00,,,,,
2025-05-27 00:00:00+00:00,,,,,
2025-05-28 00:00:00+00:00,,,,,
2025-05-29 00:00:00+00:00,0.0,0.0,0.0,0.0,0.0
2025-05-30 00:00:00+00:00,0.0,0.0,0.0,0.0,0.0
2025-05-31 00:00:00+00:00,,,,,
2025-06-01 00:00:00+00:00,0.0,0.0,0.0,0.0,0.0
2025-06-02 00:00:00+00:00,,,,,
2025-06-03 00:00:00+00:00,0.0,0.0,0.0,0.0,0.0
2025-06-04 00:00:00+00:00,0.0,0.0,0.0,0.0,0.0
2025-06-05 00:00:00+00:00,,,,,
2025-06-06 00:00:00+00:00,,,,,
2025-06-07 00:00:00+00:00,,,,,
2025-06-08 00:00:00+00:00,,,,,
2025-06-09 00:00:00+00:00,,,,,
2025-06-10 00:00:00+00:00,,,,,
2025-06-11 00:00:00+00:00,0.0,0.4702702702702703,0.0,0.0,0.4756756756756757
2025-06-12 00:00:00+00:00,0.0,0.0,0.0,0.0,0.0
2025-06-13 00:00:00+00:00,0.0,0.6035714285714285,0.014285714285714285,0.0,0.6285714285714286
2025-06-14 00:00:00+00:00,0.0,0.425,0.04642857142857143,0.0,0.4857142857142857
2025-06-15 00:00:00+00:00,0.0,0.597864768683274,0.046263345195729534,0.0,0.6619217081850534
2025-06-16 00:00:00+00:00,0.0,0.17437722419928825,0.09608540925266904,0.0,0.27402135231316727
2025-06-17 00:00:00+00:00,0.0,0.4098939929328622,0.06007067137809187,0.0,0.4840989399293286
2025-06-18 00:00:00+00:00,0.0,0.33687943262411346,0.010638297872340425,0.0,0.3617021276595745
2025-06-19 00:00:00+00:00,0.0,0.0,0.0,0.0,0.0
2025-06-20 00:00:00+00:00,0.0,0.2992957746478873,0.2007042253521127,0.0,0.5070422535211268
2025-06-21 00:00:00+00:00,0.0,0.34057971014492755,0.14855072463768115,0.0,0.5
2025-06-22 00:00:00+00:00,0.0,0.525,0.1392857142857143,0.0,0.6714285714285714
2025-06-23 00:00:00+00:00,0.0,0.0,0.0,0.0,0.0
2025-06-24 00:00:00+00:00,0.0,0.2939068100358423,0.1003584229390681,0.0,0.4050179211469534
2025-06-25 00:00:00+00:00,0.0,0.37722419928825623,0.17793594306049823,0.0,0.5587188612099644
2025-06-26 00:00:00+00:00,0.0,0.5602836879432624,0.05673758865248227,0.0,0.6205673758865248
2025-06-27 00:00:00+00:00,0.0,0.44680851063829785,0.11347517730496454,0.0,0.574468085106383
2025-06-28 00:00:00+00:00,0.0,0.47686832740213525,0.02491103202846975,0.0,0.5124555160142349
2025-06-29 00:00:00+00:00,0.0,0.604982206405694,0.03202846975088968,0.0,0.6548042704626335
2025-06-30 00:00:00+00:00,0.0,0.44086021505376344,0.0,0.0,0.45878136200716846
2025-07-01 00:00:00+00:00,0.0,0.37545126353790614,0.17689530685920576,0.0,0.555956678700361
2025-07-02 00:00:00+00:00,0.0,0.5,0.03597122302158273,0.0,0.539568345323741
2025-07-03 00:00:00+00:00,0.0,0.45195729537366547,0.03914590747330961,0.0,0.5088967971530249
2025-07-04 00:00:00+00:00,0.0,0.48928571428571427,0.09642857142857143,0.0,0.5892857142857143
2025-07-05 00:00:00+00:00,0.0,0.5901060070671378,0.0812720848056537,0.0,0.6784452296819788
2025-07-06 00:00:00+00:00,0.0,0.7916666666666666,0.1284722222222222,0.0,0.9201388888888888
2025-07-07 00:00:00+00:00,0.0,0.2978723404255319,0.2907801418439716,0.0,0.5957446808510638
2025-07-08 00:00:00+00:00,0.0,0.0,0.0,0.0,0.0
2025-07-09 00:00:00+00:00,0.0,0.0,0.01486988847583643,0.0,0.02973977695167286
2025-07-10 00:00:00+00:00,0.0,0.0,0.0,0.0,0.0
2025-07-11 00:00:00+00:00,0.0,0.0,0.0,0.0,0.0
2025-07-12 00:00:00+00:00,0.0,0.0,0.0,0.0,0.0
2025-07-13 00:00:00+00:00,0.0,0.0,0.0,0.0,0.0
2025-07-14 00:00:00+00:00,0.0,0.0,0.0,0.0,0.0
2025-07-15 00:00:00+00:00,0.0,0.0,0.0,0.0,0.0
2025-07-16 00:00:00+00:00,0.0,0.7473309608540926,0.0,0.0,0.7580071174377224
2025-07-17 00:00:00+00:00,0.0,0.17625899280575538,0.0,0.0,0.17985611510791366
2025-07-18 00:00:00+00:00,0.0,0.0,0.0,0.0,0.0
2025-07-19 00:00:00+00:00,0.0,0.604982206405694,0.028469750889679714,0.0,0.6476868327402135
2025-07-20 00:00:00+00:00,0.0,0.7048611111111112,0.13541666666666666,0.0,0.84375
2025-07-21 00:00:00+00:00,0.0,0.5123674911660777,0.09187279151943463,0.0,0.6183745583038869
2025-07-22 00:00:00+00:00,0.0,0.48201438848920863,0.17266187050359713,0.0,0.6618705035971223
2025-07-23 00:00:00+00:00,0.0,0.3723404255319149,0.23404255319148937,0.0,0.6063829787234043
2025-07-24 00:00:00+00:00,0.0,0.5104166666666666,0.3125,0.0,0.8229166666666666
2025-07-25 00:00:00+00:00,0.0,0.30985915492957744,0.29225352112676056,0.0,0.602112676056338
2025-07-26 00:00:00+00:00,0.0,0.0,0.0,0.0,0.0
2025-07-27 00:00:00+00:00,0.0,0.0,0.0,0.0,0.0
2025-07-28 00:00:00+00:00,0.0,0.0,0.0,0.0,0.0
2025-07-29 00:00:00+00:00,0.0,0.0,0.0,0.0,0.0
2025-07-30 00:00:00+00:00,0.0,0.0,0.0,0.0,0.0
2025-07-31 00:00:00+00:00,0.0,0.0,0.0,0.0,0.0
2025-08-01 00:00:00+00:00,0.0,0.0,0.0,0.0,0.0
2025-08-02 00:00:00+00:00,0.0,0.0,0.0,0.0,0.0
2025-08-03 00:00:00+00:00,0.0,0.0,0.0,0.0,0.0
2025-08-04 00:00:00+00:00,0.0,0.0,0.0,0.0,0.0
2025-08-05 00:00:00+00:00,0.0,0.0,0.0,0.0,0.0
2025-08-06 00:00:00+00:00,0.0,0.0,0.0037313432835820895,0.0,0.018656716417910446
2025-08-07 00:00:00+00:00,0.0,0.5740072202166066,0.036101083032490974,0.0,0.6173285198555957
2025-08-08 00:00:00+00:00,0.0,0.4270833333333333,0.2743055555555556,0.0,0.7013888888888888
2025-08-09 00:00:00+00:00,0.0,0.09057971014492754,0.15942028985507245,0.0,0.2536231884057971
2025-08-10 00:00:00+00:00,0.0,0.13405797101449277,0.12318840579710146,0.0,0.2753623188405797
2025-08-11 00:00:00+00:00,0.0,0.34035087719298246,0.23859649122807017,0.0,0.5824561403508772
2025-08-12 00:00:00+00:00,0.0,0.4892086330935252,0.050359712230215826,0.0,0.539568345323741
2025-08-13 00:00:00+00:00,0.0,0.3565217391304348,0.24782608695652175,0.0,0.6043478260869565
2025-08-14 00:00:00+00:00,0.0,0.19402985074626866,0.5671641791044776,0.0,0.7611940298507462
2025-08-15 00:00:00+00:00,0.0,0.022727272727272728,0.0,0.0,0.030303030303030304
2025-08-16 00:00:00+00:00,0.0,0.0,0.0,0.0,0.0
2025-08-17 00:00:00+00:00,0.0,0.0,0.0,0.0,0.0
2025-08-18 00:00:00+00:00,0.0,0.0,0.0,0.0,0.0
2025-08-19 00:00:00+00:00,0.0,0.0,0.0,0.0,0.0
2025-08-20 00:00:00+00:00,0.0,0.0,0.0,0.0,0.004166666666666667
2025-08-21 00:00:00+00:00,0.0,0.0,0.0,0.0,0.0
2025-08-22 00:00:00+00:00,,,,,
2025-08-23 00:00:00+00:00,,,,,
2025-08-24 00:00:00+00:00,,,,,
2025-08-25 00:00:00+00:00,,,,,
2025-08-26 00:00:00+00:00,,,,,
2025-08-27 00:00:00+00:00,0.0,0.7063492063492064,0.15079365079365079,0.0,0.8888888888888888
2025-08-28 00:00:00+00:00,0.0,0.5314685314685315,0.13986013986013987,0.0,0.6713286713286714
2025-08-29 00:00:00+00:00,0.0,0.2604166666666667,0.2951388888888889,0.0,0.5555555555555556
2025-08-30 00:00:00+00:00,0.0,0.4027777777777778,0.2986111111111111,0.0,0.7013888888888888
2025-08-31 00:00:00+00:00,0.0,0.0,0.018115942028985508,0.0,0.018115942028985508
2025-09-01 00:00:00+00:00,0.0,0.0,0.0,0.0,0.0
2025-09-02 00:00:00+00:00,0.0,0.0,0.0,0.0,0.0
2025-09-03 00:00:00+00:00,0.0,0.0,0.0,0.0,0.0
2025-09-04 00:00:00+00:00,0.0,0.0,0.0,0.0,0.0
2025-09-05 00:00:00+00:00,0.0,0.0,0.0,0.0,0.0
2025-09-06 00:00:00+00:00,0.0,0.0,0.0,0.0,0.0
2025-09-07 00:00:00+00:00,0.0,0.2633587786259542,0.08015267175572519,0.0,0.35877862595419846
2025-09-08 00:00:00+00:00,0.0,0.0,0.0,0.0,0.0
2025-09-09 00:00:00+00:00,0.0,0.0,0.0,0.0,0.0
2025-09-10 00:00:00+00:00,0.0,0.0,0.0,0.0,0.0
2025-09-11 00:00:00+00:00,0.0,0.0,0.0,0.0,0.0
2025-09-12 00:00:00+00:00,0.0,0.0,0.0,0.0,0.0
2025-09-13 00:00:00+00:00,0.0,0.0,0.0,0.0,0.0
2025-09-14 00:00:00+00:00,0.0,0.0,0.0,0.0,0.0
2025-09-15 00:00:00+00:00,0.0,0.0,0.0,0.0,0.0
2025-09-16 00:00:00+00:00,0.0,0.0,0.0,0.0,0.0
2025-09-17 00:00:00+00:00,0.0,0.0,0.0,0.0,0.0
2025-09-18 00:00:00+00:00,0.0,0.2978723404255319,0.1524822695035461,0.0,0.46099290780141844
2025-09-19 00:00:00+00:00,0.0,0.4375,0.03308823529411765,0.0,0.4963235294117647
2025-09-20 00:00:00+00:00,0.0,0.0,0.0,0.0,0.0
2025-09-21 00:00:00+00:00,0.0,0.0,0.0,0.0,0.0
2025-09-22 00:00:00+00:00,0.0,0.0,0.0,0.0,0.0
2025-09-23 00:00:00+00:00,0.0,0.0,0.0,0.0,0.0
2025-09-24 00:00:00+00:00,0.0,0.0,0.0,0.0,0.0
2025-09-25 00:00:00+00:00,0.0,0.0,0.0,0.0,0.0
2025-09-26 00:00:00+00:00,0.0,0.0,0.0,0.0,0.0
2025-09-27 00:00:00+00:00,0.0,0.0,0.0,0.0,0.0
2025-09-28 00:00:00+00:00,0.0,0.0,0.0,0.0,0.0
2025-09-29 00:00:00+00:00,0.0,0.0,0.0,0.0,0.0
2025-09-30 00:00:00+00:00,0.0,0.0,0.0,0.0,0.0
2025-10-01 00:00:00+00:00,0.0,0.0,0.0,0.0,0.0
2025-10-02 00:00:00+00:00,0.0,0.0,0.0,0.0,0.0
2025-10-03 00:00:00+00:00,0.0,0.0,0.0,0.0,0.0
2025-10-04 00:00:00+00:00,0.0,0.0,0.0,0.0,0.0
2025-10-05 00:00:00+00:00,0.0,0.0,0.0,0.0,0.0
2025-10-06 00:00:00+00:00,0.0,0.0,0.0,0.0,0.0
2025-10-07 00:00:00+00:00,0.0,0.0,0.0,0.0,0.0
2025-10-08 00:00:00+00:00,0.0,0.0,0.0,0.0,0.0
2025-10-09 00:00:00+00:00,0.0,0.0,0.0,0.0,0.0
2025-10-10 00:00:00+00:00,0.0,0.0,0.0,0.0,0.0
2025-10-11 00:00:00+00:00,0.0,0.0,0.0,0.0,0.0
2025-10-12 00:00:00+00:00,0.0,0.0,0.0,0.0,0.0
2025-10-13 00:00:00+00:00,0.0,0.0,0.0,0.0,0.0
2025-10-14 00:00:00+00:00,0.0,0.0,0.0,0.0,0.0
2025-10-15 00:00:00+00:00,0.0,0.0,0.0,0.0,0.0
2025-10-16 00:00:00+00:00,0.0,0.0,0.0,0.0,0.0
2025-10-17 00:00:00+00:00,0.0,0.0,0.0,0.0,0.0
2025-10-18 00:00:00+00:00,0.0,0.0,0.0,0.0,0.0
2025-10-19 00:00:00+00:00,0.0,0.0,0.0,0.0,0.0
2025-10-20 00:00:00+00:00,0.0,0.0,0.0,0.0,0.0
2025-10-21 00:00:00+00:00,0.0,0.0,0.0,0.0,0.0
2025-10-22 00:00:00+00:00,0.0,0.0,0.0,0.0,0.0
2025-10-23 00:00:00+00:00,0.0,0.0,0.0,0.0,0.0
2025-10-24 00:00:00+00:00,0.0,0.0,0.0,0.0,0.0
2025-10-25 00:00:00+00:00,0.0,0.0,0.0,0.0,0.0
2025-10-26 00:00:00+00:00,0.0,0.0,0.0,0.0,0.0
2025-10-27 00:00:00+00:00,0.0,0.0,0.0,0.0,0.0
2025-10-28 00:00:00+00:00,0.0,0.0,0.0,0.0,0.0
2025-10-29 00:00:00+00:00,0.0,0.0,0.0,0.0,0.0
2025-10-30 00:00:00+00:00,0.0,0.0,0.0,0.0,0.0
2025-10-31 00:00:00+00:00,0.0,0.0,0.0,0.0,0.0
2025-11-01 00:00:00+00:00,0.0,0.0,0.0,0.0,0.0
2025-11-02 00:00:00+00:00,0.0,0.0,0.0,0.0,0.0
2025-11-03 00:00:00+00:00,0.0,0.0,0.0,0.0,0.0
2025-11-04 00:00:00+00:00,0.0,0.0,0.0,0.0,0.0
2025-11-05 00:00:00+00:00,,,,,
2025-11-06 00:00:00+00:00,0.0,0.0,0.0,0.0,0.0
2025-11-07 00:00:00+00:00,0.0,0.0,0.0,0.0,0.0
2025-11-08 00:00:00+00:00,,,,,
2025-11-09 00:00:00+00:00,0.0,0.0,0.0,0.0,0.0
2025-11-10 00:00:00+00:00,,,,,
2025-11-11 00:00:00+00:00,,,,,
2025-11-12 00:00:00+00:00,,,,,
2025-11-13 00:00:00+00:00,0.0,0.0,0.0,0.0,0.0
2025-11-14 00:00:00+00:00,,,,,
2025-11-15 00:00:00+00:00,,,,,
2025-11-16 00:00:00+00:00,0.0,0.0,0.0,0.0,0.0
2025-11-17 00:00:00+00:00,,,,,
2025-11-18 00:00:00+00:00,0.0,0.0,0.0,0.0,0.0
2025-11-19 00:00:00+00:00,0.0,0.0,0.0,0.0,0.0
2025-11-20 00:00:00+00:00,,,,,
2025-11-21 00:00:00+00:00,0.19387755102040816,0.0,0.0,0.20408163265306123,0.0
2025-11-22 00:00:00+00:00,0.2780487804878049,0.0,0.0,0.3121951219512195,0.0
2025-11-23 00:00:00+00:00,0.09032258064516129,0.0,0.0,0.12903225806451613,0.0
2025-11-24 00:00:00+00:00,0.42248062015503873,0.0,0.0,0.437984496124031,0.0
2025-11-25 00:00:00+00:00,0.27017543859649124,0.0,0.0,0.29473684210526313,0.0
2025-11-26 00:00:00+00:00,0.1407942238267148,0.0,0.0,0.1552346570397112,0.0
2025-11-27 00:00:00+00:00,0.2302158273381295,0.0,0.0,0.24100719424460432,0.0
2025-11-28 00:00:00+00:00,0.2427536231884058,0.0,0.0,0.2608695652173913,0.0
2025-11-29 00:00:00+00:00,0.10232558139534884,0.0,0.0,0.12558139534883722,0.0
2025-11-30 00:00:00+00:00,0.15343915343915343,0.0,0.0,0.17989417989417988,0.0
2025-12-01 00:00:00+00:00,0.3920863309352518,0.0,0.0,0.4028776978417266,0.0
2025-12-02 00:00:00+00:00,0.0661764705882353,0.0,0.0,0.08088235294117647,0.0
2025-12-03 00:00:00+00:00,0.4141791044776119,0.0,0.0,0.45149253731343286,0.0
2025-12-04 00:00:00+00:00,0.17562724014336917,0.0,0.0,0.2078853046594982,0.0
2025-12-05 00:00:00+00:00,0.15636363636363637,0.0,0.0,0.18181818181818182,0.0
2025-12-06 00:00:00+00:00,0.0,0.0,0.0,0.0,0.0
2025-12-07 00:00:00+00:00,0.08,0.0,0.0,0.1,0.0
2025-12-08 00:00:00+00:00,0.0,0.0,0.0,0.0,0.0
2025-12-09 00:00:00+00:00,0.14285714285714285,0.0,0.0,0.17142857142857143,0.0
2025-12-10 00:00:00+00:00,0.0,0.0,0.0,0.0,0.0
2025-12-11 00:00:00+00:00,0.16071428571428573,0.0,0.0,0.175,0.0
2025-12-12 00:00:00+00:00,0.0,0.0,0.0,0.0,0.0
2025-12-13 00:00:00+00:00,0.11560693641618497,0.0,0.0,0.14450867052023122,0.0
2025-12-14 00:00:00+00:00,0.3088235294117647,0.0,0.0,0.3284313725490196,0.0
2025-12-15 00:00:00+00:00,0.2688679245283019,0.0,0.0,0.28773584905660377,0.0
2025-12-16 00:00:00+00:00,0.05925925925925926,0.0,0.0,0.06296296296296296,0.0
2025-12-17 00:00:00+00:00,0.0,0.0,0.0,0.0,0.0
2025-12-18 00:00:00+00:00,0.0,0.0,0.0,0.0,0.0
2025-12-19 00:00:00+00:00,0.27472527472527475,0.0,0.0,0.2893772893772894,0.0
2025-12-20 00:00:00+00:00,0.0,0.0,0.0,0.0,0.0
2025-12-21 00:00:00+00:00,,,,,
2025-12-22 00:00:00+00:00,,,,,
2025-12-23 00:00:00+00:00,,,,,
2025-12-24 00:00:00+00:00,,,,,
2025-12-25 00:00:00+00:00,,,,,
2025-12-26 00:00:00+00:00,0.35668789808917195,0.0,0.0,0.3885350318471338,0.0
2025-12-27 00:00:00+00:00,0.13120567375886524,0.0,0.0,0.13829787234042554,0.0
2025-12-28 00:00:00+00:00,0.2222222222222222,0.0,0.0,0.23958333333333334,0.0
2025-12-29 00:00:00+00:00,0.059027777777777776,0.0,0.0,0.0798611111111111,0.0
2025-12-30 00:00:00+00:00,0.25874125874125875,0.0,0.0,0.2727272727272727,0.0
2025-12-31 00:00:00+00:00,0.5416666666666666,0.0,0.0,0.5555555555555556,0.0
2026-01-01 00:00:00+00:00,0.3832752613240418,0.0,0.0,0.40418118466898956,0.0
2026-01-02 00:00:00+00:00,0.19791666666666666,0.0,0.0,0.2152777777777778,0.0
2026-01-03 00:00:00+00:00,0.2912280701754386,0.0,0.0,0.3017543859649123,0.0
2026-01-04 00:00:00+00:00,0.2147887323943662,0.0,0.0,0.22535211267605634,0.0
2026-01-05 00:00:00+00:00,0.23157894736842105,0.0,0.0,0.24561403508771928,0.0
2026-01-06 00:00:00+00:00,0.16911764705882354,0.0,0.0,0.18382352941176472,0.0
2026-01-07 00:00:00+00:00,0.2978723404255319,0.0,0.0,0.32269503546099293,0.0
2026-01-08 00:00:00+00:00,0.4927007299270073,0.0,0.0,0.5218978102189781,0.0
2026-01-09 00:00:00+00:00,0.17703349282296652,0.0,0.0,0.19138755980861244,0.0
